{
	"agcgw":{
		"backurl":"connect-dre.dbankcloud.cn",
		"url":"connect-dre.hispace.hicloud.com"
	},
	"client":{
		"cp_id":"5190090000025509335",
		"product_id":"736430079244548965",
		"client_id":"400544333272450176",
		"client_secret":"94D648F91DBEBBE6FC3B7C38D2FF541364250F9E34B964AF24E1F050F532999B",
		"app_id":"102514193",
		"package_name":"com.huawei.animalsintroduction",
		"api_key":"CgB6e3x9NYcAajycBuvVBonpoIuuK9YLhUjijvNLgzWAogNnfyQoyJK8toc55IdmPvto9EDCYvIzAsN21RtH/jLP"
	},
	"service":{
		"analytics":{
			"collector_url":"datacollector-dre.dt.hicloud.com,datacollector-dre.dt.dbankcloud.cn",
			"resource_id":"p1",
			"channel_id":""
		},
		"cloudstorage":{
			"storage_url":"https://agc-storage-dre.platform.dbankcloud.cn"
		},
		"ml":{
			"mlservice_url":"ml-api-dre.ai.dbankcloud.com,ml-api-dre.ai.dbankcloud.cn"
		}
	},
	"region":"DE",
	"configuration_version":"1.0"
}